Month,Bias,Total Return,Annualized Return,Sharpe Ratio,Max Drawdown
nov_23,Lookahead Bias,-0.5188187510192518,-0.9998996605982687,2.9026555219884274,-0.948784854144484
nov_23,No Lookahead Bias,-0.4307188991115093,-0.9991672933019475,-1.6797064795320378,-0.7218283515505692
oct_23,Lookahead Bias,16.37093682371144,4024128348304475.0,10.31200471927411,-0.17366159225790478
oct_23,No Lookahead Bias,0.7117708467767176,866.3511190696871,4.552102884881621,-0.24984810417281
